{"entities":{"pages":{"topics_Getting-Started":{"id":"topics_Getting-Started","title":"Getting Started","url":"topics-getting-started.html","level":0,"tabIndex":0},"PLAT":{"id":"PLAT","title":"PLAT","url":"plat.html","level":0,"pages":["Getting-Started","Users","Algorithm"],"tabIndex":1},"Getting-Started":{"id":"Getting-Started","title":"Topic title","url":"getting-started.html","level":1,"parentId":"PLAT","tabIndex":0},"Users":{"id":"Users","title":"Hallo","url":"users.html","level":1,"parentId":"PLAT","tabIndex":1},"Algorithm":{"id":"Algorithm","title":"Algorithm","url":"algorithm.html","level":1,"parentId":"PLAT","tabIndex":2},"DevDocs":{"id":"DevDocs","title":"DevDocs","url":"devdocs.html","level":0,"pages":["Structure"],"tabIndex":2},"Structure":{"id":"Structure","title":"Structure","url":"structure.html","level":1,"parentId":"DevDocs","pages":["Folders","Files","Cryptographer"],"tabIndex":0},"Folders":{"id":"Folders","title":"Folders","url":"folders.html","level":2,"parentId":"Structure","pages":["Models","Controller"],"tabIndex":0},"Models":{"id":"Models","title":"Models","url":"models.html","level":3,"parentId":"Folders","tabIndex":0},"Controller":{"id":"Controller","title":"Controller","url":"controller.html","level":3,"parentId":"Folders","tabIndex":1},"Files":{"id":"Files","title":"Files","url":"files.html","level":2,"parentId":"Structure","pages":["AppUser","PopulationFile","User","BranchView","CSC","DashboardStatsController","FileController","MainController","UserController","NetCon","Checkout","LogFile","MainMenuButtons","Vendor","Job","UserView","Dashboard","PersitenzManager","PKLogger","Main","Settings"],"tabIndex":1},"AppUser":{"id":"AppUser","title":"AppUser","url":"appuser.html","level":3,"parentId":"Files","tabIndex":0},"PopulationFile":{"id":"PopulationFile","title":"PopulationFile","url":"populationfile.html","level":3,"parentId":"Files","tabIndex":1},"User":{"id":"User","title":"User","url":"user.html","level":3,"parentId":"Files","tabIndex":2},"BranchView":{"id":"BranchView","title":"BranchView","url":"branchview.html","level":3,"parentId":"Files","tabIndex":3},"CSC":{"id":"CSC","title":"CheckoutSelectionController","url":"csc.html","level":3,"parentId":"Files","tabIndex":4},"DashboardStatsController":{"id":"DashboardStatsController","title":"DashboardStatsController","url":"dashboardstatscontroller.html","level":3,"parentId":"Files","tabIndex":5},"FileController":{"id":"FileController","title":"FileController","url":"filecontroller.html","level":3,"parentId":"Files","tabIndex":6},"MainController":{"id":"MainController","title":"MainController","url":"maincontroller.html","level":3,"parentId":"Files","tabIndex":7},"UserController":{"id":"UserController","title":"UserController","url":"usercontroller.html","level":3,"parentId":"Files","tabIndex":8},"NetCon":{"id":"NetCon","title":"NetCon","url":"netcon.html","level":3,"parentId":"Files","tabIndex":9},"Checkout":{"id":"Checkout","title":"Checkout","url":"checkout.html","level":3,"parentId":"Files","tabIndex":10},"LogFile":{"id":"LogFile","title":"LogFile","url":"logfile.html","level":3,"parentId":"Files","tabIndex":11},"MainMenuButtons":{"id":"MainMenuButtons","title":"MainMenuButtons","url":"mainmenubuttons.html","level":3,"parentId":"Files","tabIndex":12},"Vendor":{"id":"Vendor","title":"Vendor","url":"vendor.html","level":3,"parentId":"Files","tabIndex":13},"Job":{"id":"Job","title":"Job","url":"job.html","level":3,"parentId":"Files","tabIndex":14},"UserView":{"id":"UserView","title":"UserView","url":"userview.html","level":3,"parentId":"Files","tabIndex":15},"Dashboard":{"id":"Dashboard","title":"Dashboard","url":"dashboard.html","level":3,"parentId":"Files","tabIndex":16},"PersitenzManager":{"id":"PersitenzManager","title":"PersitenzManager","url":"persitenzmanager.html","level":3,"parentId":"Files","tabIndex":17},"PKLogger":{"id":"PKLogger","title":"PKLogger","url":"pklogger.html","level":3,"parentId":"Files","tabIndex":18},"Main":{"id":"Main","title":"Main","url":"main.html","level":3,"parentId":"Files","tabIndex":19},"Settings":{"id":"Settings","title":"Settings","url":"settings.html","level":3,"parentId":"Files","tabIndex":20},"Cryptographer":{"id":"Cryptographer","title":"Cryptographer","url":"cryptographer.html","level":2,"parentId":"Structure","tabIndex":2},"Planned-features":{"id":"Planned-features","title":"Planned features","url":"planned-features.html","level":0,"tabIndex":3}}},"topLevelIds":["topics_Getting-Started","PLAT","DevDocs","Planned-features"]}