{"title":"Controller","subtitle":"This folder holds all the Controllers needed for th Application","tips":[{"title":"MainController","description":" This Controller controls the Main actions of the Applications Main View ","url":"maincontroller.html","type":"idea"},{"title":"UserController","description":" The UserController class represents a controller for managing users. ","url":"usercontroller.html","type":"idea"}],"main":{"title":"Changes","data":[{"title":"CheckoutSelectionController","description":" This Controller handles most of the Events on the BranchView that could not be handled by the Checkout or the BranchView themselves. This Controller will be initialized for each BranchView and the Checkout needed to be set before the Parental BranchView is set visible ","url":"csc.html","type":"search"},{"title":"DashboardStatsController","description":" This Controller controls the Statistics on the Dashboard ","url":"dashboardstatscontroller.html","type":"search"}]},"highlighted":{"title":"Contents","data":[{"title":"CheckoutSelectionController","description":" This Controller handles most of the Events on the BranchView that could not be handled by the Checkout or the BranchView themselves. This Controller will be initialized for each BranchView and the Checkout needed to be set before the Parental BranchView is set visible ","url":"csc.html","type":"tools"},{"title":"DashboardStatsController","description":" This Controller controls the Statistics on the Dashboard ","url":"dashboardstatscontroller.html","type":"tools"},{"title":"FileController","description":" This Controller controls all LogFile and the actions that are performed with them ","url":"filecontroller.html","type":"tools"},{"title":"MainController","description":" This Controller controls the Main actions of the Applications Main View ","url":"maincontroller.html","type":"tools"},{"title":"UserController","description":" The UserController class represents a controller for managing users. ","url":"usercontroller.html","type":"tools"}]},"prevNextLinks":{"prevPageTitle":"Models","nextPageUrl":"files.html","nextPageTitle":"Files","prevPageUrl":"models.html"}}