{"title":"All Folders of this Project","subtitle":"","tips":[{"title":"New Folders","description":"Everything new in this Space","url":"","type":"folder"},{"title":"Changes","description":"Mayor changes in this Space","url":"","type":"search"}],"main":{"title":"Most important","data":[{"title":"Controller","description":"\n        This folder holds all the Controllers needed for th Application\n    ","url":"controller.html","type":"tools"},{"title":"Models","description":"Models Add an introductory paragraph: explain what this section is about in 2-3 short sentences. Get started Custom card title Custom card title Explore advanced features Custom card title Custom card title","url":"models.html","type":"tools"},{"title":"Custom card title","description":"All Folders of this Project New Folders Changes Most important Custom card title Custom card title Explore advanced features Custom card title Custom card title Other relevant topics as wide cards Custom card title Custom card title Other relevant topics as narrow cards Custom card…","url":""},{"title":"Custom card title","description":"With a custom card summary","url":""}]},"highlighted":{"title":"Explore advanced features","data":[{"title":"Folders","description":"All Folders of this Project New Folders Changes Most important Custom card title Custom card title Explore advanced features Custom card title Custom card title Other relevant topics as wide cards Custom card title Custom card title Other relevant topics as narrow cards Custom card…","url":""},{"title":"Folders","description":"With a custom card summary","url":""},{"title":"Custom card title","description":"All Folders of this Project New Folders Changes Most important Custom card title Custom card title Explore advanced features Custom card title Custom card title Other relevant topics as wide cards Custom card title Custom card title Other relevant topics as narrow cards Custom card…","url":""},{"title":"Custom card title","description":"With a custom card summary","url":""}]},"groups":[{"title":"Other relevant topics as wide cards","type":"cards","display":"wide","data":[{"title":"Folders","description":"All Folders of this Project New Folders Changes Most important Custom card title Custom card title Explore advanced features Custom card title Custom card title Other relevant topics as wide cards Custom card title Custom card title Other relevant topics as narrow cards Custom card…","url":""},{"title":"Folders","description":"With a custom card summary","url":""},{"title":"Custom card title","description":"All Folders of this Project New Folders Changes Most important Custom card title Custom card title Explore advanced features Custom card title Custom card title Other relevant topics as wide cards Custom card title Custom card title Other relevant topics as narrow cards Custom card…","url":""},{"title":"Custom card title","description":"With a custom card summary","url":""}]},{"title":"Other relevant topics as narrow cards","type":"cards","display":"normal","data":[{"title":"Folders","description":"All Folders of this Project New Folders Changes Most important Custom card title Custom card title Explore advanced features Custom card title Custom card title Other relevant topics as wide cards Custom card title Custom card title Other relevant topics as narrow cards Custom card…","url":""},{"title":"Folders","description":"All Folders of this Project New Folders Changes Most important Custom card title Custom card title Explore advanced features Custom card title Custom card title Other relevant topics as wide cards Custom card title Custom card title Other relevant topics as narrow cards Custom card…","url":""},{"title":"Folders","description":"With a custom card summary","url":""},{"title":"Custom card title","description":"All Folders of this Project New Folders Changes Most important Custom card title Custom card title Explore advanced features Custom card title Custom card title Other relevant topics as wide cards Custom card title Custom card title Other relevant topics as narrow cards Custom card…","url":""},{"title":"Custom card title","description":"All Folders of this Project New Folders Changes Most important Custom card title Custom card title Explore advanced features Custom card title Custom card title Other relevant topics as wide cards Custom card title Custom card title Other relevant topics as narrow cards Custom card…","url":""},{"title":"Custom card title","description":"With a custom card summary","url":""}]},{"type":"links","display":"wide","data":[{"title":"Other related topics as links","data":[{"title":"Folders","description":"All Folders of this Project New Folders Changes Most important Custom card title Custom card title Explore advanced features Custom card title Custom card title Other relevant topics as wide cards Custom card title Custom card title Other relevant topics as narrow cards Custom card…","url":""},{"title":"Folders","description":"With a custom card summary","url":""},{"title":"Custom card title","description":"All Folders of this Project New Folders Changes Most important Custom card title Custom card title Explore advanced features Custom card title Custom card title Other relevant topics as wide cards Custom card title Custom card title Other relevant topics as narrow cards Custom card…","url":""},{"title":"Custom card title","description":"With a custom card summary","url":""}]},{"title":"Two in a row","data":[{"title":"Folders","description":"All Folders of this Project New Folders Changes Most important Custom card title Custom card title Explore advanced features Custom card title Custom card title Other relevant topics as wide cards Custom card title Custom card title Other relevant topics as narrow cards Custom card…","url":""},{"title":"Folders","description":"With a custom card summary","url":""},{"title":"Custom card title","description":"All Folders of this Project New Folders Changes Most important Custom card title Custom card title Explore advanced features Custom card title Custom card title Other relevant topics as wide cards Custom card title Custom card title Other relevant topics as narrow cards Custom card…","url":""},{"title":"Custom card title","description":"With a custom card summary","url":""}]}]},{"type":"links","display":"normal","data":[{"title":"More related topics","data":[{"title":"Folders","description":"All Folders of this Project New Folders Changes Most important Custom card title Custom card title Explore advanced features Custom card title Custom card title Other relevant topics as wide cards Custom card title Custom card title Other relevant topics as narrow cards Custom card…","url":""},{"title":"Folders","description":"With a custom card summary","url":""},{"title":"Custom card title","description":"All Folders of this Project New Folders Changes Most important Custom card title Custom card title Explore advanced features Custom card title Custom card title Other relevant topics as wide cards Custom card title Custom card title Other relevant topics as narrow cards Custom card…","url":""},{"title":"Custom card title","description":"With a custom card summary","url":""}]},{"title":"Three in a row","data":[{"title":"Folders","description":"All Folders of this Project New Folders Changes Most important Custom card title Custom card title Explore advanced features Custom card title Custom card title Other relevant topics as wide cards Custom card title Custom card title Other relevant topics as narrow cards Custom card…","url":""},{"title":"Folders","description":"All Folders of this Project New Folders Changes Most important Custom card title Custom card title Explore advanced features Custom card title Custom card title Other relevant topics as wide cards Custom card title Custom card title Other relevant topics as narrow cards Custom card…","url":""},{"title":"Custom card title","description":"All Folders of this Project New Folders Changes Most important Custom card title Custom card title Explore advanced features Custom card title Custom card title Other relevant topics as wide cards Custom card title Custom card title Other relevant topics as narrow cards Custom card…","url":""},{"title":"Custom card title","description":"All Folders of this Project New Folders Changes Most important Custom card title Custom card title Explore advanced features Custom card title Custom card title Other relevant topics as wide cards Custom card title Custom card title Other relevant topics as narrow cards Custom card…","url":""}]},{"title":"Each group is narrow","data":[{"title":"Folders","description":"All Folders of this Project New Folders Changes Most important Custom card title Custom card title Explore advanced features Custom card title Custom card title Other relevant topics as wide cards Custom card title Custom card title Other relevant topics as narrow cards Custom card…","url":""},{"title":"Folders","description":"All Folders of this Project New Folders Changes Most important Custom card title Custom card title Explore advanced features Custom card title Custom card title Other relevant topics as wide cards Custom card title Custom card title Other relevant topics as narrow cards Custom card…","url":""},{"title":"Custom card title","description":"All Folders of this Project New Folders Changes Most important Custom card title Custom card title Explore advanced features Custom card title Custom card title Other relevant topics as wide cards Custom card title Custom card title Other relevant topics as narrow cards Custom card…","url":""},{"title":"Custom card title","description":"All Folders of this Project New Folders Changes Most important Custom card title Custom card title Explore advanced features Custom card title Custom card title Other relevant topics as wide cards Custom card title Custom card title Other relevant topics as narrow cards Custom card…","url":""}]}]}],"prevNextLinks":{"prevPageTitle":"Structure","nextPageUrl":"models.html","nextPageTitle":"Models","prevPageUrl":"structure.html"}}