{"title":"Developer Documentation","subtitle":"Developer Documentation for the code","tips":[{"title":"Structure","description":"All Folders and Files","url":"structure.html","type":"development"},{"title":"Features in the Future","description":"\n        Features die in der Zukunft kommen sollen - a Roadmap\n    ","url":"planned-features.html","type":"offer"}],"main":{"title":"Main topics","data":[{"title":"Algorithm","description":"The logic behind the Algorithm and how its influenced by the user","url":"algorithm.html","type":"mixed"}]},"highlighted":{"title":"Highlighted group","data":[]},"groups":[{"title":"Custom cards","type":"cards","display":"normal","data":[{"title":"DevDocs","description":"Developer Documentation Developer Documentation for the code Features in the Future Main topics Highlighted group Custom cards Custom links","url":""}]},{"type":"links","display":"normal","data":[{"title":"Custom links","data":[]}]}],"prevNextLinks":{"prevPageTitle":"Algorithm","nextPageUrl":"structure.html","nextPageTitle":"Structure","prevPageUrl":"algorithm.html"}}