{"title":"Models","subtitle":"Add an introductory paragraph: explain what this section is about in 2-3 short sentences.","tips":[{"title":"Models","description":"Models Add an introductory paragraph: explain what this section is about in 2-3 short sentences. Get started Custom card title Custom card title Explore advanced features Custom card title Custom card title","url":"","type":"idea"},{"title":"Models","description":"Models Add an introductory paragraph: explain what this section is about in 2-3 short sentences. Get started Custom card title Custom card title Explore advanced features Custom card title Custom card title","url":"","type":"idea"}],"main":{"title":"Get started","data":[{"title":"Models","description":"Models Add an introductory paragraph: explain what this section is about in 2-3 short sentences. Get started Custom card title Custom card title Explore advanced features Custom card title Custom card title","url":""},{"title":"Models","description":"With a custom card summary","url":""},{"title":"Custom card title","description":"Models Add an introductory paragraph: explain what this section is about in 2-3 short sentences. Get started Custom card title Custom card title Explore advanced features Custom card title Custom card title","url":""},{"title":"Custom card title","description":"With a custom card summary","url":""}]},"highlighted":{"title":"Explore advanced features","data":[{"title":"Models","description":"Models Add an introductory paragraph: explain what this section is about in 2-3 short sentences. Get started Custom card title Custom card title Explore advanced features Custom card title Custom card title","url":""},{"title":"Models","description":"With a custom card summary","url":""},{"title":"Custom card title","description":"Models Add an introductory paragraph: explain what this section is about in 2-3 short sentences. Get started Custom card title Custom card title Explore advanced features Custom card title Custom card title","url":""},{"title":"Custom card title","description":"With a custom card summary","url":""}]},"prevNextLinks":{"prevPageTitle":"Folders","nextPageUrl":"controller.html","nextPageTitle":"Controller","prevPageUrl":"folders.html"}}