{"title":"Structure - Dateien und Ordner","subtitle":"","tips":[{"title":"Folders","description":"All Folders and the contents in this Project","url":"folders.html","type":"folder"},{"title":"Files","description":"List of all Files in this Project","url":"files.html","type":"file"}],"main":{"title":"","data":[]},"highlighted":{"title":"","data":[]},"groups":[{"title":"New Files or Folders","type":"cards","display":"normal","data":[{"title":"Structure","description":"With a custom card summary","url":""},{"title":"Structure","description":"With a custom card summary","url":""},{"title":"Custom card title","description":"With a custom card summary","url":""}]},{"title":"Other relevant topics as narrow cards","type":"cards","display":"normal","data":[{"title":"Structure","description":"With a custom card summary","url":""},{"title":"Structure","description":"With a custom card summary","url":""},{"title":"Structure","description":"With a custom card summary","url":""},{"title":"Custom card title","description":"With a custom card summary","url":""},{"title":"Custom card title","description":"With a custom card summary","url":""},{"title":"Custom card title","description":"With a custom card summary","url":""}]},{"type":"links","display":"normal","data":[{"title":"Important Files","data":[{"title":"Structure","description":"Structure - Dateien und Ordner Folders Files New Files or Folders Custom card title Other relevant topics as narrow cards Custom card title Custom card title Custom card title Important Files Custom card title Custom card title New Resources Custom card title Custom card title Other…","url":""},{"title":"Structure","description":"With a custom card summary","url":""},{"title":"Custom card title","description":"Structure - Dateien und Ordner Folders Files New Files or Folders Custom card title Other relevant topics as narrow cards Custom card title Custom card title Custom card title Important Files Custom card title Custom card title New Resources Custom card title Custom card title Other…","url":""},{"title":"Custom card title","description":"With a custom card summary","url":""}]},{"title":"New Resources","data":[{"title":"Structure","description":"Structure - Dateien und Ordner Folders Files New Files or Folders Custom card title Other relevant topics as narrow cards Custom card title Custom card title Custom card title Important Files Custom card title Custom card title New Resources Custom card title Custom card title Other…","url":""},{"title":"Structure","description":"Structure - Dateien und Ordner Folders Files New Files or Folders Custom card title Other relevant topics as narrow cards Custom card title Custom card title Custom card title Important Files Custom card title Custom card title New Resources Custom card title Custom card title Other…","url":""},{"title":"Custom card title","description":"Structure - Dateien und Ordner Folders Files New Files or Folders Custom card title Other relevant topics as narrow cards Custom card title Custom card title Custom card title Important Files Custom card title Custom card title New Resources Custom card title Custom card title Other…","url":""},{"title":"Custom card title","description":"Structure - Dateien und Ordner Folders Files New Files or Folders Custom card title Other relevant topics as narrow cards Custom card title Custom card title Custom card title Important Files Custom card title Custom card title New Resources Custom card title Custom card title Other…","url":""}]},{"title":"Other new Files","data":[{"title":"Structure","description":"Structure - Dateien und Ordner Folders Files New Files or Folders Custom card title Other relevant topics as narrow cards Custom card title Custom card title Custom card title Important Files Custom card title Custom card title New Resources Custom card title Custom card title Other…","url":""},{"title":"Structure","description":"Structure - Dateien und Ordner Folders Files New Files or Folders Custom card title Other relevant topics as narrow cards Custom card title Custom card title Custom card title Important Files Custom card title Custom card title New Resources Custom card title Custom card title Other…","url":""},{"title":"Custom card title","description":"Structure - Dateien und Ordner Folders Files New Files or Folders Custom card title Other relevant topics as narrow cards Custom card title Custom card title Custom card title Important Files Custom card title Custom card title New Resources Custom card title Custom card title Other…","url":""},{"title":"Custom card title","description":"Structure - Dateien und Ordner Folders Files New Files or Folders Custom card title Other relevant topics as narrow cards Custom card title Custom card title Custom card title Important Files Custom card title Custom card title New Resources Custom card title Custom card title Other…","url":""}]}]}],"prevNextLinks":{"prevPageTitle":"DevDocs","nextPageUrl":"folders.html","nextPageTitle":"Folders","prevPageUrl":"devdocs.html"}}