{"title":"PLAT - Guide","subtitle":"Starting Page für alles was du brauchst","tips":[{"title":"Topic title","description":"What do you need to use PLAT","url":"getting-started.html","type":"start"},{"title":"Hallo","description":"Unterschiedliche User in PLAT anlegen und verwalten","url":"users.html","type":"account"}],"main":{"title":"Main topics","data":[{"title":"Algorithm","description":"The logic behind the Algorithm and how its influenced by the user","url":"algorithm.html","type":"check-list"}]},"highlighted":{"title":"Highlighted group","data":[]},"groups":[{"title":"Custom cards","type":"cards","display":"normal","data":[{"title":"DevDocs","description":"Developer Documentation Developer Documentation for the code Features in the Future Main topics Highlighted group Custom cards Custom links","url":"devdocs.html"},{"title":"PLAT","description":"PLAT - Guide Starting Page für alles was du brauchst Main topics Highlighted group Custom cards Custom links","url":""}]},{"type":"links","display":"normal","data":[{"title":"Custom links","data":[]}]}],"prevNextLinks":{"prevPageTitle":"Getting Started","nextPageUrl":"getting-started.html","nextPageTitle":"Topic title","prevPageUrl":"topics-getting-started.html"}}