{"title":"All Files in this Project","subtitle":"","tips":[{"title":"New Files","description":"Everything new in this Space","url":"","type":"file"},{"title":"Changes","description":"Mayor changes in this Space","url":"","type":"search"}],"main":{"title":"Get started","data":[{"title":"Files","description":"All Files in this Project New Files Changes Get started Custom card title Custom card title Explore advanced features Custom card title Custom card title Other relevant topics as wide cards Custom card title Custom card title Other relevant topics as narrow cards Custom card title…","url":""},{"title":"Files","description":"With a custom card summary","url":""},{"title":"Custom card title","description":"All Files in this Project New Files Changes Get started Custom card title Custom card title Explore advanced features Custom card title Custom card title Other relevant topics as wide cards Custom card title Custom card title Other relevant topics as narrow cards Custom card title…","url":""},{"title":"Custom card title","description":"With a custom card summary","url":""}]},"highlighted":{"title":"Explore advanced features","data":[{"title":"Files","description":"All Files in this Project New Files Changes Get started Custom card title Custom card title Explore advanced features Custom card title Custom card title Other relevant topics as wide cards Custom card title Custom card title Other relevant topics as narrow cards Custom card title…","url":""},{"title":"Files","description":"With a custom card summary","url":""},{"title":"Custom card title","description":"All Files in this Project New Files Changes Get started Custom card title Custom card title Explore advanced features Custom card title Custom card title Other relevant topics as wide cards Custom card title Custom card title Other relevant topics as narrow cards Custom card title…","url":""},{"title":"Custom card title","description":"With a custom card summary","url":""}]},"groups":[{"title":"Other relevant topics as wide cards","type":"cards","display":"wide","data":[{"title":"Files","description":"All Files in this Project New Files Changes Get started Custom card title Custom card title Explore advanced features Custom card title Custom card title Other relevant topics as wide cards Custom card title Custom card title Other relevant topics as narrow cards Custom card title…","url":""},{"title":"Files","description":"With a custom card summary","url":""},{"title":"Custom card title","description":"All Files in this Project New Files Changes Get started Custom card title Custom card title Explore advanced features Custom card title Custom card title Other relevant topics as wide cards Custom card title Custom card title Other relevant topics as narrow cards Custom card title…","url":""},{"title":"Custom card title","description":"With a custom card summary","url":""}]},{"title":"Other relevant topics as narrow cards","type":"cards","display":"normal","data":[{"title":"Files","description":"All Files in this Project New Files Changes Get started Custom card title Custom card title Explore advanced features Custom card title Custom card title Other relevant topics as wide cards Custom card title Custom card title Other relevant topics as narrow cards Custom card title…","url":""},{"title":"Files","description":"All Files in this Project New Files Changes Get started Custom card title Custom card title Explore advanced features Custom card title Custom card title Other relevant topics as wide cards Custom card title Custom card title Other relevant topics as narrow cards Custom card title…","url":""},{"title":"Files","description":"With a custom card summary","url":""},{"title":"Custom card title","description":"All Files in this Project New Files Changes Get started Custom card title Custom card title Explore advanced features Custom card title Custom card title Other relevant topics as wide cards Custom card title Custom card title Other relevant topics as narrow cards Custom card title…","url":""},{"title":"Custom card title","description":"All Files in this Project New Files Changes Get started Custom card title Custom card title Explore advanced features Custom card title Custom card title Other relevant topics as wide cards Custom card title Custom card title Other relevant topics as narrow cards Custom card title…","url":""},{"title":"Custom card title","description":"With a custom card summary","url":""}]},{"type":"links","display":"wide","data":[{"title":"Other related topics as links","data":[{"title":"Files","description":"All Files in this Project New Files Changes Get started Custom card title Custom card title Explore advanced features Custom card title Custom card title Other relevant topics as wide cards Custom card title Custom card title Other relevant topics as narrow cards Custom card title…","url":""},{"title":"Files","description":"With a custom card summary","url":""},{"title":"Custom card title","description":"All Files in this Project New Files Changes Get started Custom card title Custom card title Explore advanced features Custom card title Custom card title Other relevant topics as wide cards Custom card title Custom card title Other relevant topics as narrow cards Custom card title…","url":""},{"title":"Custom card title","description":"With a custom card summary","url":""}]},{"title":"Two in a row","data":[{"title":"Files","description":"All Files in this Project New Files Changes Get started Custom card title Custom card title Explore advanced features Custom card title Custom card title Other relevant topics as wide cards Custom card title Custom card title Other relevant topics as narrow cards Custom card title…","url":""},{"title":"Files","description":"With a custom card summary","url":""},{"title":"Custom card title","description":"All Files in this Project New Files Changes Get started Custom card title Custom card title Explore advanced features Custom card title Custom card title Other relevant topics as wide cards Custom card title Custom card title Other relevant topics as narrow cards Custom card title…","url":""},{"title":"Custom card title","description":"With a custom card summary","url":""}]}]},{"type":"links","display":"normal","data":[{"title":"More related topics","data":[{"title":"Files","description":"All Files in this Project New Files Changes Get started Custom card title Custom card title Explore advanced features Custom card title Custom card title Other relevant topics as wide cards Custom card title Custom card title Other relevant topics as narrow cards Custom card title…","url":""},{"title":"Files","description":"With a custom card summary","url":""},{"title":"Custom card title","description":"All Files in this Project New Files Changes Get started Custom card title Custom card title Explore advanced features Custom card title Custom card title Other relevant topics as wide cards Custom card title Custom card title Other relevant topics as narrow cards Custom card title…","url":""},{"title":"Custom card title","description":"With a custom card summary","url":""}]},{"title":"Three in a row","data":[{"title":"Files","description":"All Files in this Project New Files Changes Get started Custom card title Custom card title Explore advanced features Custom card title Custom card title Other relevant topics as wide cards Custom card title Custom card title Other relevant topics as narrow cards Custom card title…","url":""},{"title":"Files","description":"All Files in this Project New Files Changes Get started Custom card title Custom card title Explore advanced features Custom card title Custom card title Other relevant topics as wide cards Custom card title Custom card title Other relevant topics as narrow cards Custom card title…","url":""},{"title":"Custom card title","description":"All Files in this Project New Files Changes Get started Custom card title Custom card title Explore advanced features Custom card title Custom card title Other relevant topics as wide cards Custom card title Custom card title Other relevant topics as narrow cards Custom card title…","url":""},{"title":"Custom card title","description":"All Files in this Project New Files Changes Get started Custom card title Custom card title Explore advanced features Custom card title Custom card title Other relevant topics as wide cards Custom card title Custom card title Other relevant topics as narrow cards Custom card title…","url":""}]},{"title":"Each group is narrow","data":[{"title":"Files","description":"All Files in this Project New Files Changes Get started Custom card title Custom card title Explore advanced features Custom card title Custom card title Other relevant topics as wide cards Custom card title Custom card title Other relevant topics as narrow cards Custom card title…","url":""},{"title":"Files","description":"All Files in this Project New Files Changes Get started Custom card title Custom card title Explore advanced features Custom card title Custom card title Other relevant topics as wide cards Custom card title Custom card title Other relevant topics as narrow cards Custom card title…","url":""},{"title":"Custom card title","description":"All Files in this Project New Files Changes Get started Custom card title Custom card title Explore advanced features Custom card title Custom card title Other relevant topics as wide cards Custom card title Custom card title Other relevant topics as narrow cards Custom card title…","url":""},{"title":"Custom card title","description":"All Files in this Project New Files Changes Get started Custom card title Custom card title Explore advanced features Custom card title Custom card title Other relevant topics as wide cards Custom card title Custom card title Other relevant topics as narrow cards Custom card title…","url":""}]}]}],"prevNextLinks":{"prevPageTitle":"Controller","nextPageUrl":"appuser.html","nextPageTitle":"AppUser","prevPageUrl":"controller.html"}}